"","id","title","first_name","last_name","email","amount_spent_on_dog_food","dog_size","dog_gender","dog_age"
"1","1","Mrs","Frasquito","Dene","fdene0@dell.com",80.05,"S","M",53
"2","2","Ms","Lawrence","Kardos","lkardos1@diigo.com",66.3,"XL","M",2
"3","3","Rev","Lanna","Wintersgill","lwintersgill2@domainmarket.com",25.84,"L","F",71
"4","4","Rev","Richmound","Kimmitt","rkimmitt3@jiathis.com",50.76,"M","M",9
"5","5","Rev","Valeda","Dallender","vdallender4@theglobeandmail.com",83.41,"XL","F",23
"6","6","Honorable","Duky","Cavell","dcavell5@seesaa.net",80.18,"XL","M",74
"7","7","Rev","Neal","Gabbetis","ngabbetis6@admin.ch",98.59,"L","M",46
"8","8","Ms","Farrel","Swindin","fswindin7@printfriendly.com",64.2,"S","M",84
"9","9","Dr","Latrena","Heinsh","lheinsh8@i2i.jp",7.44,"XL","F",69
"10","10","Mrs","Josh","Daunay","jdaunay9@mysql.com",55.84,"M","M",24
"11","11","Mr","Gabbie","Caldeyroux","gcaldeyrouxa@ca.gov",30.25,"L","F",60
"12","12","Dr","Krystle","Fincke","kfinckeb@usatoday.com",58.37,"XL","F",43
"13","13","Dr","Agosto","Bewshaw","abewshawc@oaic.gov.au",45.7,"XL","M",49
"14","14","Ms","Regina","Sinson","rsinsond@stanford.edu",98.51,"L","F",50
"15","15","Dr","Nefen","Boch","nboche@webnode.com",62.45,"L","M",82
"16","16","Dr","Conn","Duffrie","cduffrief@arizona.edu",27.78,"L","M",19
"17","17",NA,"Karoly","Buxcy","kbuxcyg@howstuffworks.com",68,"XL","F",11
"18","18","Ms","Wilow","Tremayle","wtremayleh@timesonline.co.uk",52.88,"L","F",55
"19","19","Ms","Brooks","Marde","bmardei@smugmug.com",58.36,"XS","M",94
"20","20","Mrs","Harrietta","Libbie","hlibbiej@house.gov",21.72,"M","F",11
"21","21","Mrs","Ephrayim","Misson",NA,86.15,"XL","M",79
"22","22","Dr","Cecilius","Dimock","cdimockl@symantec.com",44.67,"XL","M",57
"23","23","Mr","Abbe","Curle","acurlem@marketwatch.com",35,"XL","F",11
"24","24","Rev","Bald","Hars","bharsn@upenn.edu",NA,"L","M",68
"25","25",NA,"Jay","Buckle","jbuckleo@archive.org",44.71,"S","M",61
"26","26","Ms","Malachi","Carillo","mcarillop@army.mil",19.96,"XL","M",29
"27","27","Honorable","Caldwell","Shawcross","cshawcrossq@icq.com",97.59,"XS","M",97
"28","28","Dr","Russell","Grewer","rgrewerr@bloglines.com",36.97,"S","M",20
"29","29","Ms","Wait","Morsley","wmorsleys@goo.ne.jp",20.2,"XL","M",82
"30","30","Mr","Mellicent","Larking","mlarkingt@engadget.com",80.75,"XL","F",6
"31","31","Dr","Martin","Nairy","mnairyu@biglobe.ne.jp",93.12,"XL","M",95
"32","32","Mr","Sergei","Roseaman","sroseamanv@facebook.com",17.59,"XL","M",86
"33","33","Mrs","Jock","Doonican","jdoonicanw@oaic.gov.au",40.47,"XS","M",48
"34","34",NA,"Tera","Bresson","tbressonx@reddit.com",93.53,"XL","F",15
"35","35","Dr","Cobby","Massard","cmassardy@berkeley.edu",11.15,"XL","M",41
"36","36","Dr","Gale","Ollerhad","gollerhadz@walmart.com",7,"XS","M",83
"37","37",NA,"Duffy","Heatley","dheatley10@independent.co.uk",91.42,"XL","M",93
"38","38","Rev","Inness","Mauvin","imauvin11@g.co",98.81,"XL","M",NA
"39","39",NA,"Lorna","Ebbitt","lebbitt12@t.co",23.03,"XL","F",50
"40","40","Rev","Basilius","Hall","bhall13@cisco.com",68.98,"XL","M",51
"41","41",NA,"Q","Dundendale","qdundendale14@naver.com",6.78,"M","F",19
"42","42","Mr","Maximo","De Hailes","mdehailes15@hao123.com",66.04,"L","M",28
"43","43","Rev","Linzy","Brigham","lbrigham16@51.la",50.86,"L","F",40
"44","44","Dr","Sayers","Brodeau","sbrodeau17@foxnews.com",43.13,"XL","M",58
"45","45","Mr","Neile","Kesper","nkesper18@blogs.com",NA,"XS","F",41
"46","46","Honorable","Brucie","Hallyburton","bhallyburton19@sakura.ne.jp",86.85,"S","M",18
"47","47","Dr","Sharron","Spradbery","sspradbery1a@de.vu",22.26,"XS","F",97
"48","48",NA,"Benedetto","Sabie","bsabie1b@theguardian.com",46.71,"XL","M",93
"49","49","Honorable","Ricki","Haithwaite","rhaithwaite1c@ebay.com",53.35,NA,"M",92
"50","50","Rev","Raynell","Alker","ralker1d@forbes.com",13.42,"XL","F",81
"51","51","Honorable","Jedidiah","Basnett","jbasnett1e@unc.edu",40.24,"XL","M",9
"52","52","Ms","Talya","Brenston","tbrenston1f@sogou.com",99.55,"M","F",45
"53","53",NA,"Jarrad","Rogerot","jrogerot1g@51.la",40.25,"XL","M",86
"54","54","Dr","Pavel","Danter","pdanter1h@purevolume.com",66.63,"XL","M",3
"55","55","Mr","Peggi","McRill","pmcrill1i@instagram.com",93.79,"XS","F",16
"56","56","Rev","Tabby","Balk",NA,82.74,"M","F",85
"57","57","Mr","Mathew","Thexton","mthexton1k@etsy.com",33.23,"XL","F",86
"58","58","Mrs","Tom","Dunrige","tdunrige1l@examiner.com",NA,"XS","M",21
"59","59","Mr","Noreen","Cousins","ncousins1m@posterous.com",96.87,"M","F",30
"60","60",NA,"Penni","Fray","pfray1n@slate.com",43.07,"XL","F",2
"61","61","Ms","Marvin","Buxy","mbuxy1o@eventbrite.com",7.83,"S","M",56
"62","62","Mr","Engelbert","Sturge","esturge1p@mashable.com",16.65,"XL","M",94
"63","63","Rev","Mata","Georg","mgeorg1q@shareasale.com",69.33,"L","M",98
"64","64","Ms","Wendeline","Stockings","wstockings1r@marketwatch.com",66.72,"XL","F",40
"65","65","Dr","Des","McConway","dmcconway1s@techcrunch.com",98.14,"XS","M",23
"66","66","Mrs","Val","Groveham","vgroveham1t@craigslist.org",60.61,"M","M",18
"67","67","Dr","Jeremy","Lydiard","jlydiard1u@biblegateway.com",60.21,"S","M",61
"68","68","Ms","Flor","Gleadle","fgleadle1v@cdc.gov",92.45,"XS","F",94
"69","69",NA,"Dixie","Vineall","dvineall1w@printfriendly.com",98.46,"XS","F",79
"70","70","Dr","Skyler","Filip","sfilip1x@myspace.com",29.03,"XL","M",68
"71","71","Mr","Tally","Bazely","tbazely1y@house.gov",97.82,"XL","F",61
"72","72","Honorable","Sib","Syddie","ssyddie1z@reverbnation.com",1.06,"S","F",60
"73","73","Rev","Dugald","Dreakin","ddreakin20@histats.com",20.94,"XL","M",21
"74","74","Ms","Bernette","Crigin","bcrigin21@blogtalkradio.com",66.29,"L","F",32
"75","75","Rev","Olive","Casale","ocasale22@mozilla.org",40.22,"XS","F",7
"76","76","Honorable","Miof mela","Joire","mjoire23@mlb.com",48.3,"XL","F",39
"77","77","Mr","Leanora","Sallowaye","lsallowaye24@51.la",33.25,"XS","F",57
"78","78","Dr","Odell","Benkin","obenkin25@phpbb.com",33.84,"S","M",77
"79","80","Mr","Somerset","Bester","sbester27@stumbleupon.com",83.16,"XS","M",33
"80","81","Mr","Elmer","Sinden","esinden28@nifty.com",35.3,"S","M",19
"81","82","Honorable","Clerissa","Meryett","cmeryett29@reuters.com",97.43,"M","F",37
"82","83",NA,"Manfred","Withull",NA,89.2,"XS","M",98
"83","84","Dr","Orelia","Clemenzo","oclemenzo2b@baidu.com",85.97,"M","F",12
"84","85","Honorable","Tova","Gilston","tgilston2c@macromedia.com",54.47,"S","F",17
"85","86","Rev","Ynez","Embery",NA,9.62,"L","F",56
"86","87","Mr","Jewel","Spellward","jspellward2e@webeden.co.uk",86.09,"M","F",82
"87","88","Rev","AL","Oland","aoland2f@umich.edu",7.11,"XL","M",55
"88","89","Mrs","Brendon","Prop","bprop2g@abc.net.au",13.72,"XL","M",19
"89","90","Mr","Nobie","Mauro","nmauro2h@sbwire.com",83.26,"XL","M",71
"90","91","Mr","Peterus","Dobney","pdobney2i@com.com",8.46,NA,"M",57
"91","92","Rev","Reube","Tandy","rtandy2j@walmart.com",50.32,"S","M",69
"92","93","Honorable","Randee","Aberchirder","raberchirder2k@parallels.com",20.58,"L","F",NA
"93","94","Honorable","Marris","Diche","mdiche2l@hatena.ne.jp",67.35,"XL","F",79
"94","95","Mr","Ollie","Creus","ocreus2m@hc360.com",86.89,"XL","M",44
"95","96","Dr","Munmro","Lehemann","mlehemann2n@ning.com",36.29,"XL","M",41
"96","97","Mr","Aggi","Coppen","acoppen2o@hc360.com",1.98,"XL","F",90
"97","98","Rev","Radcliffe","Kapelhoff","rkapelhoff2p@desdev.cn",90.54,"XL","M",86
"98","99","Honorable","Eloisa","Guterson","eguterson2q@wiley.com",98.35,"L","F",36
"99","100","Rev","Athena","Lisciandri","alisciandri2r@msu.edu",98.16,"XS","F",4
"100","101","Mr","Fredia","Ryves","fryves2s@ovh.net",64.15,"XS","F",40
"101","102","Ms","Bob","Tollow","btollow2t@dyndns.org",28.05,"XL","M",79
"102","103","Mrs","Randene","Scholler","rscholler2u@unesco.org",92.69,"L","F",NA
"103","104","Mr",NA,"Stit","astit2v@unblog.fr",60.36,"L","F",91
"104","105","Mr","Leland","Vedishchev","lvedishchev2w@sfgate.com",14.06,"XL","F",25
"105","106","Mr","Samuel","Norheny","snorheny2x@icio.us",69.84,"S","M",24
"106","107",NA,"Catriona","Goddard","cgoddard2y@youku.com",24.25,"S","F",97
"107","108","Rev","Laurens","Lorie","llorie2z@blog.com",92,"XL","M",96
"108","109","Mrs","Penny","Ashburner","pashburner30@fastcompany.com",69.98,"XL","M",31
"109","110","Mrs","Andres","Phuprate","aphuprate31@friendfeed.com",50.03,"XL","M",28
"110","111","Mrs","Tatum","Jouandet","tjouandet32@constantcontact.com",88.78,"S","F",29
"111","112","Dr","Mel","Primak","mprimak33@sitemeter.com",0.83,"XL","F",54
"112","113","Mr","Bald","Dreghorn","bdreghorn34@1688.com",8.46,"L","M",22
"113","114","Mr","Northrop","Gales","ngales35@51.la",78.74,"XL","M",33
"114","115","Dr","Letta","Spradbrow","lspradbrow36@g.co",NA,"XS","F",57
"115","116","Ms","Glenine","Rainsdon","grainsdon37@go.com",25.99,"M","F",46
"116","118","Ms","Allianora","Pittendreigh","apittendreigh39@google.de",22.46,"XS","F",65
"117","120","Mrs","Anneliese","Andrus","aandrus3b@usa.gov",17.1,"XL","F",76
"118","121","Ms","Sonny","Nelsey","snelsey3c@nps.gov",10.42,"XL","M",94
"119","122","Dr","Gerald","Earp","gearp3d@hc360.com",NA,"XL","M",18
"120","123","Honorable","Stephan","Okenden","sokenden3e@businessweek.com",47.14,"XL","M",26
"121","124","Rev","Eldridge","Ponter","eponter3f@1und1.de",35.8,"S","M",66
"122","125",NA,"Perice","Gilder","pgilder3g@va.gov",54.74,"L","M",42
"123","126","Mrs","Lilllie","Gretham","lgretham3h@amazonaws.com",83.31,"XL","F",31
"124","127","Ms","Perla","Karpushkin","pkarpushkin3i@google.com",55.04,"L","F",99
"125","128","Rev","Toma","Esgate","tesgate3j@soundcloud.com",55.1,"S","F",90
"126","129","Honorable","Beaufort","Dungay","bdungay3k@devhub.com",69.99,"XL","M",51
"127","130","Mrs","Drona","Coggen","dcoggen3l@constantcontact.com",5.62,"XL","F",64
"128","131","Honorable","Lelah","Bromley","lbromley3m@admin.ch",37.29,"M","F",35
"129","132","Rev","Melissa","Scutching","mscutching3n@indiegogo.com",15.76,"XS","F",96
"130","134","Dr","Tiebold","Siggin","tsiggin3p@dagondesign.com",99.77,"XL","M",76
"131","135","Mrs","Marinna","Brogiotti","mbrogiotti3q@163.com",17.71,"S","F",30
"132","136","Dr","Tobit","Paradis","tparadis3r@icq.com",25.42,"L","M",16
"133","137","Dr","Cori","Petrashov","cpetrashov3s@msu.edu",80.48,"L","M",56
"134","139","Honorable","Aarika","Wennington","awennington3u@harvard.edu",73.27,"S","F",16
"135","140","Rev","Fairfax","Wagon","fwagon3v@usa.gov",99.64,"XL","M",97
"136","141",NA,"Kareem","Ibbison","kibbison3w@facebook.com",34.03,"L","M",91
"137","142",NA,"Jaye","Aberkirdo","jaberkirdo3x@icq.com",36.39,"XL","M",70
"138","144","Honorable","Anatole","Meritt","ameritt3z@dyndns.org",92.73,"S","M",5
"139","145","Mrs","Craig","Poli","cpoli40@vinaora.com",65.03,"XL","M",40
"140","146","Dr","Mariska","Sleeny","msleeny41@posterous.com",78.06,"XL","F",53
"141","147",NA,"Dillon","Nitto","dnitto42@tripod.com",78.78,"XL","M",64
"142","148","Mr","Crystie","Scrange","cscrange43@t.co",16.55,"M","F",51
"143","149","Ms","Clyde","Caldecott","ccaldecott44@amazonaws.com",9.17,"XL","M",58
"144","150","Mrs","Archy","Ondracek","aondracek45@pen.io",85.58,NA,"M",2
"145","151",NA,"Tobit","Kelby","tkelby46@boston.com",61.34,NA,"M",54
"146","152","Honorable","Chan","Lossman","clossman47@archive.org",6.96,"M","M",54
"147","153","Honorable","Lawrence","Clemont","lclemont48@edublogs.org",57.6,"XL","M",5
"148","154",NA,"Darryl","Marple","dmarple49@blog.com",79.11,"S","F",33
"149","155","Ms","Rubina","Pridie","rpridie4a@slashdot.org",21.32,"XL","F",5
"150","157","Rev","Raina","Kemmett","rkemmett4c@walmart.com",25.2,"L","F",49
"151","158","Mr","Willdon","Wehnerr","wwehnerr4d@washington.edu",91.66,"S","M",81
"152","159",NA,"Dolli","Coffee","dcoffee4e@zimbio.com",NA,"S","F",73
"153","160","Honorable","Marjy","Linklet","mlinklet4f@wordpress.comm",97.69,"XL","F",27
"154","161","Ms","Sayre","Khoter","skhoter4g@nasa.gov",NA,"XS","M",48
"155","162","Mrs","Dael","Rotherham","drotherham4h@live.com",69.28,"XL","F",14
"156","163","Mrs","Sydney","Collman","scollman4i@instagram.com",NA,NA,"F",65
"157","164","Ms","Ilysa","Einchcombe","ieinchcombe4j@mysql.com",58.7,NA,"F",13
"158","165",NA,"Myca","Holtaway",NA,40.09,"M","M",20
"159","166","Dr","Evanne","Proughten","eproughten4l@wiley.com",12.28,"XL","F",50
"160","167","Rev","Gaylor","Colam","gcolam4m@noaa.gov",NA,"M","M",32
"161","168","Mr","Wenonah","Quinlan","wquinlan4n@amazon.co.jp",90.33,"L","F",69
"162","169",NA,"Garrett","Maddams","gmaddams4o@twitter.com",16.29,"XL","M",37
"163","170","Honorable","Lori","Rasper","lrasper4p@wunderground.comm",62.96,"M","F",38
"164","171","Mr","Midge","McCurrie","mmccurrie4q@illinois.edu",NA,"XS","F",24
"165","172","Ms",NA,"Bulle","cbulle4r@weebly.com",69.09,"S","F",40
"166","173","Ms","Lyndsay","Szreter","lszreter4s@discovery.com",99.76,"XL","F",18
"167","175","Rev","Malachi","Jane","mjane4u@yelp.com",8.82,"XL","M",71
"168","176","Rev","Rodina","Carrack","rcarrack4v@utexas.edu",16.29,"XL","F",82
"169","177","Ms","Mitch","Bonnick","mbonnick4w@cafepress.com",62.62,"XL","M",3
"170","178",NA,"Cyrille","Redmile","credmile4x@github.com",49.26,"XL","M",29
"171","179","Mr","Roselia","Bosnell","rbosnell4y@bloglines.com",41.11,"S","F",3
"172","180","Mrs","Laughton","Kingsmill","lkingsmill4z@slideshare.net",20,"S","M",5
"173","181","Mr","Aubrette","Yglesia","ayglesia50@vinaora.com",18.94,"XL","F",99
"174","182","Rev","Ethelda","Belverstone","ebelverstone51@scribd.com",46.09,"M","F",95
"175","183","Dr","Haily","Lockart","hlockart52@com.com",26.8,"XS","F",44
"176","184","Ms","Nicolis","Sieb","nsieb53@constantcontact.com",43.57,"M","M",38
"177","185","Honorable","Stefanie","Winks","swinks54@multiply.com",NA,"S","F",18
"178","186","Honorable","Bobbe","Clemitt","bclemitt55@pinterest.com",NA,"M","F",83
"179","187","Honorable","Atalanta","McGloughlin","amcgloughlin56@soundcloud.com",16.72,"XL","F",27
"180","188","Honorable","Serene","Perfili","sperfili57@cyberchimps.com",54,"M","F",38
"181","189","Honorable","Daniela","Matushevich","dmatushevich58@opera.com",NA,"XS","F",45
"182","190","Dr","Doug","Kee","dkee59@ebay.com",77.08,"XS","M",71
"183","191","Ms","Forster","Flahive","fflahive5a@archive.org",10.1,"M","M",12
"184","192","Ms","Charmain","Sandercroft","csandercroft5b@myspace.com",19.36,"XS","F",90
"185","193","Honorable","Lonnie","Crawley","lcrawley5c@storify.com",54.45,"XL","M",66
"186","194","Rev","Briana","Huttley","bhuttley5d@ning.com",59.3,"S","F",41
"187","195","Mrs","Jamima","Lisciardelli","jlisciardelli5e@blog.com",31.44,"XS","F",29
"188","196","Rev","Cassondra","Gresswell","cgresswell5f@ucsd.edu",36.32,"XL","F",32
"189","197","Mr","Tildie","Cary","tcary5g@ask.com",NA,"S","F",16
"190","198","Honorable","Rudd","Kendal","rkendal5h@storify.com",91.45,"XL","M",43
"191","199","Mr","Abeu","Kirkbride","akirkbride5i@is.gd",10.02,"XL","M",10
"192","200","Ms","Cirillo","Langsdon","clangsdon5j@indiegogo.com",41.31,"XS","M",75
"193","201","Ms","Audrie","Hindes","ahindes5k@tuttocitta.it",48,"XL","F",85
"194","202","Dr","Garald","Dudson","gdudson5l@aol.com",18.99,"M","M",16
"195","203","Honorable","Flore","Sikora","fsikora5m@businessweek.com",4.19,"S","F",42
"196","204","Dr","Thadeus","Starbeck","tstarbeck5n@lulu.com",NA,"L","M",86
"197","205","Mrs","Reine","Janata","rjanata5o@woothemes.com",28.16,"S","F",57
"198","206","Mr","Hazel","Gypps","hgypps5p@youtu.be",33.18,"XS","M",30
"199","207","Dr","Corette","Geaney","cgeaney5q@bloomberg.comm",63.6,"M","F",14
"200","208","Honorable","Huberto","Fforde",NA,36.93,"S","â€”",26
"201","209","Mrs","Jerri","Burgane","jburgane5s@alibaba.com",45.43,"M","M",39
"202","210","Honorable","Waldon","Kirman","wkirman5t@theguardian.com",69.97,"S","M",49
"203","211","Mr","Yank","Pears","ypears5u@istockphoto.com",85.36,"XL","M",22
"204","212","Mr","Alessandro","Winder","awinder5v@woothemes.com",28.43,"XL","M",53
"205","213","Mrs","Radcliffe","Shillinglaw","rshillinglaw5w@altervista.org",60.02,"S","M",14
"206","214","Mr","Ray","Dron","rdron5x@flickr.com",45.9,"XL","M",70
"207","215","Mrs","Derrek","Cunde","dcunde5y@ucoz.ru",29.3,"XL","M",100
"208","216","Mr","Lyndsey","Aleveque","laleveque5z@gravatar.com",44.3,"S","F",80
"209","217","Ms","Hector","Bett","hbett60@qq.com",76.54,"XL","M",98
"210","218","Mr","Bertha","Swetland","bswetland61@histats.com",13.31,"M","F",65
"211","219","Rev","Vere","Leddie","vleddie62@mediafire.com",99.91,"XS","F",43
"212","220","Dr","Moe","Pristnor","mpristnor63@mashable.com",36,"XL","M",49
"213","221","Dr","Lilia","Fellini","lfellini64@dell.com",97.8,"XL","F",66
"214","222","Mr","Hillary","Fisbey","hfisbey65@marketwatch.com",67.24,"S","F",52
"215","223","Mrs","Nona","Macconachy","nmacconachy66@icio.us",NA,"XL","F",94
"216","224","Rev","Cris","Peschmann","cpeschmann67@meetup.com",70.81,"S","F",44
"217","225","Ms","Sandy","Emson","semson68@mac.com",69.41,"XL","F",23
"218","227","Mrs","Palm","Filyaev","pfilyaev6a@cdbaby.com",21.36,"S","M",56
"219","228","Honorable","Munmro","Van der Brug","mvanderbrug6b@apple.com",19.11,"L","M",91
"220","229","Rev","Job","Benettini","jbenettini6c@vimeo.com",87.69,"XL","M",1
"221","230","Rev","Grant","Baile","gbaile6d@google.ru",36.13,"XL","M",63
"222","231","Rev","Nissy","Buret","nburet6e@a8.net",51.1,"S","F",41
"223","232","Ms","Alisa","Kilbee","akilbee6f@businessweek.com",50.67,"XL","F",85
"224","233","Dr","Nolie","Radoux","nradoux6g@slate.com",21.89,"XL","F",28
"225","234",NA,"Corbet","Munkley","cmunkley6h@51.la",77.07,"S","M",97
"226","235","Rev","Mireielle","Hrinchishin","mhrinchishin6i@auda.org.au",91.75,"XL","F",58
"227","236","Honorable","Selestina","Readhead","sreadhead6j@scribd.com",3.97,"M","F",41
"228","237","Ms","Penelope","Stubbs","pstubbs6k@businesswire.com",75.9,"M","F",9
"229","238",NA,"Amalie","Hamber","ahamber6l@foxnews.com",8.8,"M","F",94
"230","239","Honorable","Loy","Haugeh","lhaugeh6m@google.ru",28.63,"XL","M",56
"231","240","Mr","Bonnee","Spraberry","bspraberry6n@paginegialle.it",81.85,"S","F",43
"232","241","Mr","Julina","Whitemarsh","jwhitemarsh6o@indiegogo.com",19.81,"L","F",39
"233","242",NA,"Benn","McGee","bmcgee6p@yahoo.co.jp",71.81,"XL","M",98
"234","243","Mrs","Nealson","Beere","nbeere6q@state.tx.us",91.92,"XL","M",76
"235","244",NA,"Daven","Hulbert","dhulbert6r@ft.com",39.51,"M","M",6
"236","246","Ms","Corine","Ubanks","cubanks6t@arizona.edu",42.42,"XL","F",58
"237","247","Honorable","Ermanno","O'Heffernan","eoheffernan6u@liveinternet.ru",14.93,"XL","M",76
"238","248","Honorable","Lock","Vickerstaff","lvickerstaff6v@freewebs.com",15,"L","M",17
"239","249","Mr","Winslow","Rembrandt","wrembrandt6w@va.gov",93.26,"L","M",50
"240","250","Dr","Trevar","Galway","tgalway6x@elpais.com",94.02,"XL","M",100
"241","251","Mrs","Rivkah","Carter","rcarter6y@answers.com",46.12,"L","F",94
"242","252","Mrs","Forester","Tulk","ftulk6z@dmoz.org",61.58,"L","M",11
"243","253","Mrs","Sarine","Ferenczi","sferenczi70@angelfire.com",23.26,"XL","F",30
"244","254","Ms","Gianni","Adaway","gadaway71@vk.com",57.11,"XL","M",11
"245","255","Dr","James","Ulyatt","julyatt72@qq.com",52.77,"XL","M",79
"246","256","Mr","Robby","Jacklings","rjacklings73@symantec.com",68.49,"XS","M",79
"247","257","Honorable","Gabe","Segges","gsegges74@wufoo.com",49.27,"XL","M",19
"248","258",NA,"Curry","Clackson","cclackson75@europa.eu",51.55,"S","M",93
"249","259","Rev","Emmery","Po","epo76@ibm.com",21.03,"XL","M",45
"250","260","Mr","Lian","Lelliott","llelliott77@nasa.gov",72.19,"S","F",41
"251","261","Mrs","Ross","Cockshutt","rcockshutt78@aol.comm",33.89,"XL","M",7
"252","262","Mr","Yank","Driffill","ydriffill79@yellowpages.com",43.62,"L","M",45
"253","263","Rev","Robbin","Antwis","rantwis7a@hhs.gov",3.91,"XL","F",19
"254","264","Mr","Gale","Bech","gbech7b@home.pl",54.72,"XL","F",98
"255","265","Mr","Dulsea","Normavell","dnormavell7c@nationalgeographic.com",85.14,"L","F",48
"256","266","Ms","Idelle","Dudman","idudman7d@youku.com",84.84,"XL","F",14
"257","268","Dr","Ingmar","Lamminam","ilamminam7f@phpbb.com",33.3,"XL","M",60
"258","269","Rev","Devland","Carefull","dcarefull7g@shareasale.commmm",67.45,"XL","M",37
"259","270","Dr","Ford","Growcock","fgrowcock7h@histats.com",22.35,"S","M",80
"260","271","Mrs","Dona","Barby","dbarby7i@plala.or.jp",13.13,"L","F",79
"261","272","Honorable","Gusty","Ezzle","gezzle7j@wikimedia.org",27.54,"XL","F",34
"262","273","Mrs","Marrilee","Berens","mberens7k@meetup.com",74.72,"L","F",2
"263","275","Ms","Tabor","Henniger","thenniger7m@chicagotribune.com",40.4,"L","M",35
"264","276","Ms","Henryetta","Charte","hcharte7n@webeden.co.uk",97.25,"XL","F",2
"265","277","Rev","Henka","Trace","htrace7o@guardian.co.uk",57.98,"M","F",44
"266","278","Dr","Letitia","Chomicz","lchomicz7p@sciencedirect.com",68.3,"M","F",72
"267","279","Rev","Millicent","Minucci","mminucci7q@google.fr",2.82,"S","F",20
"268","280","Ms","Beryle","Rudgley","brudgley7r@trellian.com",35.49,"M","F",18
"269","281","Honorable","Andie","Nisard",NA,9.31,"M","M",38
"270","282","Mrs","Elvira","Beardshall","ebeardshall7t@intel.com",16.29,"XL","F",49
"271","283","Mrs","Hadlee","O'Regan","horegan7u@phoca.cz",50.07,"L","M",23
"272","284","Rev","Corina","Seabrook","cseabrook7v@cnbc.com",NA,"XL","F",60
"273","285","Mrs","Rozanna","Chitham","rchitham7w@google.com",4.58,"L","F",18
"274","286","Honorable","Harli","Cusack","hcusack7x@biglobe.ne.jp",89.56,"XL","F",34
"275","287","Mr","Yevette","Swalwel","yswalwel7y@deliciousdays.com",45.49,"XL","F",60
"276","288","Ms","Roslyn","Brosh","rbrosh7z@example.com",46.95,"S","F",28
"277","289","Rev","Tallulah","Lees","tlees80@spotify.com",25.32,"XL","F",40
"278","290","Rev","Lishe","Hampshire","lhampshire81@studiopress.com",40,"XL","F",66
"279","291","Ms","Jorie","Stoate","jstoate82@nba.com",5.29,"XS","F",61
"280","292","Mr","Blondelle","Klaus","bklaus83@usgs.gov",67.83,"M","F",99
"281","293",NA,"Aubert","Merryfield","amerryfield84@seesaa.net",69.39,"L","M",49
"282","294","Mrs","Elwood","Burfoot","eburfoot85@illinois.edu",37.97,"L","M",62
"283","295","Honorable","Felizio","Chatwin","fchatwin86@clickbank.net",48.94,"M","M",29
"284","296","Ms","Blake","Pryce","bpryce87@nasa.gov",71.83,"XL","F",94
"285","297","Mrs","Damita","Fogden","dfogden88@fema.gov",94.69,"L","F",20
"286","298","Honorable","Vladamir","Aynscombe","vaynscombe89@guardian.co.uk",0.12,"XL","M",55
"287","299","Mr","Coralie","Gossington","cgossington8a@tumblr.com",82.34,"XL","F",42
